Name,Source URL
Audi,https://alltheplaces-data.openaddresses.io/runs/2026-07-18-13-32-19/output/audi.geojson
Bmw Group,https://alltheplaces-data.openaddresses.io/runs/2026-07-18-13-32-19/output/bmw_group.geojson
Chevrolet,https://alltheplaces-data.openaddresses.io/runs/2026-07-18-13-32-19/output/chevrolet_pr_us.geojson
Ford Dealers,https://alltheplaces-data.openaddresses.io/runs/2026-07-18-13-32-19/output/ford_dealers_us.geojson
Honda,https://alltheplaces-data.openaddresses.io/runs/2026-07-18-13-32-19/output/honda_au.geojson
Hyundai,https://alltheplaces-data.openaddresses.io/runs/2026-07-18-13-32-19/output/hyundai_us.geojson
Kia,https://alltheplaces-data.openaddresses.io/runs/2026-07-18-13-32-19/output/kia_us.geojson
Maserati,https://alltheplaces-data.openaddresses.io/runs/2026-07-18-13-32-19/output/maserati.geojson
Mercedes Benz Group,https://alltheplaces-data.openaddresses.io/runs/2026-07-18-13-32-19/output/mercedes_benz_group.geojson
Mitsubishi,https://alltheplaces-data.openaddresses.io/runs/2026-07-18-13-32-19/output/mitsubishi_ua.geojson
Nissan,https://alltheplaces-data.openaddresses.io/runs/2026-07-18-13-32-19/output/nissan.geojson
Peugeot,https://alltheplaces-data.openaddresses.io/runs/2026-07-18-13-32-19/output/peugeot.geojson
Porsche,https://alltheplaces-data.openaddresses.io/runs/2026-07-18-13-32-19/output/porsche.geojson
Renault,https://alltheplaces-data.openaddresses.io/runs/2026-07-18-13-32-19/output/renault.geojson
Seat,https://alltheplaces-data.openaddresses.io/runs/2026-07-18-13-32-19/output/seat.geojson
Skoda,https://alltheplaces-data.openaddresses.io/runs/2026-07-18-13-32-19/output/skoda.geojson
Tesla,https://alltheplaces-data.openaddresses.io/runs/2026-07-18-13-32-19/output/tesla.geojson
Toyota,https://alltheplaces-data.openaddresses.io/runs/2026-07-18-13-32-19/output/toyota_us.geojson
Toyota Canada,https://alltheplaces-data.openaddresses.io/runs/2025-12-27-13-32-39/output/toyota_ca.geojson
Volkswagen,https://alltheplaces-data.openaddresses.io/runs/2026-07-18-13-32-19/output/volkswagen.geojson
Volvo,https://alltheplaces-data.openaddresses.io/runs/2026-07-18-13-32-19/output/volvo.geojson
Goodwill,https://alltheplaces-data.openaddresses.io/runs/2026-07-18-13-32-19/output/goodwill.geojson
YMCA,https://alltheplaces-data.openaddresses.io/runs/2026-07-18-13-32-19/output/ymca.geojson
Pick N Pay,https://alltheplaces-data.openaddresses.io/runs/2026-07-18-13-32-19/output/pick_n_pay.geojson
Mathnasium,https://alltheplaces-data.openaddresses.io/runs/2026-07-18-13-32-19/output/mathnasium.geojson
School of Rock,https://alltheplaces-data.openaddresses.io/runs/2026-07-18-13-32-19/output/school_of_rock.geojson
The Learning Experience,https://alltheplaces-data.openaddresses.io/runs/2026-07-18-13-32-19/output/the_learning_experience_us.geojson
Abbotts Frozen Custard,https://alltheplaces-data.openaddresses.io/runs/2026-07-18-13-32-19/output/abbotts_frozen_custard_us.geojson
Crumbl,https://alltheplaces-data.openaddresses.io/runs/2026-07-18-13-32-19/output/crumbl_cookies_us.geojson
Fairmont,https://alltheplaces-data.openaddresses.io/runs/2026-07-18-13-32-19/output/fairmont.geojson
Ihg Hotels,https://alltheplaces-data.openaddresses.io/runs/2026-07-18-13-32-19/output/ihg_hotels.geojson
UPS Store,https://alltheplaces-data.openaddresses.io/runs/2026-07-18-13-32-19/output/ups_store.geojson
Bluepearl Pet Hospital,https://alltheplaces-data.openaddresses.io/runs/2026-07-18-13-32-19/output/bluepearl_pet_hospital_us.geojson
Pizza Hut,https://alltheplaces-data.openaddresses.io/runs/2026-07-18-13-32-19/output/pizza_hut_us.geojson
Hertz,https://alltheplaces-data.openaddresses.io/runs/2026-07-18-13-32-19/output/hertz.geojson
Chick Fil A,https://alltheplaces-data.openaddresses.io/runs/2026-07-18-13-32-19/output/chick_fil_a.geojson
Dickeys Barbecue Pit,https://alltheplaces-data.openaddresses.io/runs/2026-07-18-13-32-19/output/dickeys_barbecue_pit.geojson
Firehouse Subs,https://alltheplaces-data.openaddresses.io/runs/2026-07-18-13-32-19/output/firehouse_subs.geojson
Jaguar Land Rover,https://alltheplaces-data.openaddresses.io/runs/2026-07-18-13-32-19/output/jaguar_land_rover.geojson
Mcdonalds,https://alltheplaces-data.openaddresses.io/runs/2026-07-18-13-32-19/output/mcdonalds_at.geojson
Nothing Bundt Cake ,https://alltheplaces-data.openaddresses.io/runs/2025-12-27-13-32-39/output/nothing_bundt_cakes_us_ca.geojson
Big O Tires,https://alltheplaces-data.openaddresses.io/runs/2026-07-18-13-32-19/output/big_o_tires_us.geojson
Caliber Collision,https://alltheplaces-data.openaddresses.io/runs/2026-07-18-13-32-19/output/caliber_collision_us.geojson
Discount Tire,https://alltheplaces-data.openaddresses.io/runs/2026-07-18-13-32-19/output/discount_tire.geojson
Anytime Fitness,https://alltheplaces-data.openaddresses.io/runs/2026-07-18-13-32-19/output/anytime_fitness.geojson
Crunch Fitness,https://alltheplaces-data.openaddresses.io/runs/2026-07-18-13-32-19/output/crunch_fitness.geojson
Fit Active,https://alltheplaces-data.openaddresses.io/runs/2026-07-18-13-32-19/output/fit_active.geojson
Fitness Park,https://alltheplaces-data.openaddresses.io/runs/2026-07-18-13-32-19/output/fitness_park.geojson
Plus Fitness,https://alltheplaces-data.openaddresses.io/runs/2026-07-18-13-32-19/output/plus_fitness.geojson
Pure Barre,https://alltheplaces-data.openaddresses.io/runs/2026-07-18-13-32-19/output/pure_barre_us.geojson
Snap Fitness,https://alltheplaces-data.openaddresses.io/runs/2026-07-18-13-32-19/output/snap_fitness.geojson
Ufc Gym,https://alltheplaces-data.openaddresses.io/runs/2026-07-18-13-32-19/output/ufc_gym_us.geojson
Credit Agricole,https://alltheplaces-data.openaddresses.io/runs/2026-07-18-13-32-19/output/credit_agricole.geojson
I & G Brokers,https://alltheplaces-data.openaddresses.io/runs/2026-07-18-13-32-19/output/i_and_g_brokers.geojson
Insomnia Cookies,https://alltheplaces-data.openaddresses.io/runs/2026-07-18-13-32-19/output/insomnia_cookies.geojson
Inxpress,https://alltheplaces-data.openaddresses.io/runs/2026-07-18-13-32-19/output/inxpress.geojson
Kindercare,https://alltheplaces-data.openaddresses.io/runs/2026-07-18-13-32-19/output/kindercare_us.geojson
Tropical Smoothie Cafe,https://alltheplaces-data.openaddresses.io/runs/2026-07-18-13-32-19/output/tropical_smoothie_cafe_us.geojson
Speed Queen Laundry,https://alltheplaces-data.openaddresses.io/runs/2026-01-24-13-32-35/output/speed_queen.geojson
Moes Southwest Grill,https://alltheplaces-data.openaddresses.io/runs/2026-07-18-13-32-19/output/moes_southwest_grill.geojson
True Value,https://alltheplaces-data.openaddresses.io/runs/2026-07-18-13-32-19/output/true_value_us.geojson
Liberty Tax,https://alltheplaces-data.openaddresses.io/runs/2026-07-18-13-32-19/output/liberty_tax_us.geojson
Erie Insurance,https://alltheplaces-data.openaddresses.io/runs/2026-07-18-13-32-19/output/erie_insurance_us.geojson
Merrill Lynch - BOA,https://alltheplaces-data.openaddresses.io/runs/2026-01-24-13-32-35/output/bank_of_america.geojson
Ameriprise,https://alltheplaces-data.openaddresses.io/runs/2026-07-18-13-32-19/output/ameriprise_us.geojson
Accenture,https://alltheplaces-data.openaddresses.io/runs/2026-07-18-13-32-19/output/accenture.geojson
Ernst Young,https://alltheplaces-data.openaddresses.io/runs/2026-07-18-13-32-19/output/ernst_young.geojson
H R Block,https://alltheplaces-data.openaddresses.io/runs/2026-07-18-13-32-19/output/h_r_block.geojson
Jackson Hewitt,https://alltheplaces-data.openaddresses.io/runs/2026-07-18-13-32-19/output/jackson_hewitt.geojson
KPMG,https://alltheplaces-data.openaddresses.io/runs/2026-07-18-13-32-19/output/kpmg.geojson
PWC,https://alltheplaces-data.openaddresses.io/runs/2026-01-24-13-32-35/output/pricewaterhousecoopers.geojson
Allstate Insurance,https://alltheplaces-data.openaddresses.io/runs/2026-07-18-13-32-19/output/allstate_insurance_agents_us.geojson
Farmers Insurance,https://alltheplaces-data.openaddresses.io/runs/2026-07-18-13-32-19/output/farmers_insurance_us.geojson
Freeway Insurance Services,https://alltheplaces-data.openaddresses.io/runs/2026-01-24-13-32-35/output/freeway_insurance_us.geojson
Edward Jones,https://alltheplaces-data.openaddresses.io/runs/2026-07-18-13-32-19/output/edward_jones.geojson
Ray White,https://alltheplaces-data.openaddresses.io/runs/2025-12-27-13-32-39/output/ray_white_au_nz.geojson
Jack & Jones,https://alltheplaces-data.openaddresses.io/runs/2026-07-18-13-32-19/output/jack_and_jones.geojson
Coldwell Banker,https://alltheplaces-data.openaddresses.io/runs/2026-07-18-13-32-19/output/coldwell_banker_us.geojson
Century 21,https://alltheplaces-data.openaddresses.io/runs/2026-07-18-13-32-19/output/century_21_us.geojson
CBRE,https://alltheplaces-data.openaddresses.io/runs/2026-07-18-13-32-19/output/cbre.geojson
Jll,https://alltheplaces-data.openaddresses.io/runs/2026-07-25-13-32-20/output/jll.geojson
First National Real Estate,https://alltheplaces-data.openaddresses.io/runs/2026-07-18-13-32-19/output/first_national_real_estate_au.geojson
Re/Max Italy,https://alltheplaces-data.openaddresses.io/runs/2026-07-25-13-32-20/output/remax_it.geojson
Re/Max Spain,https://alltheplaces-data.openaddresses.io/runs/2026-07-25-13-32-20/output/remax_es.geojson
